unit,dataset,metric,method_a,method_b,n,mean_a,mean_b,median_diff,W,p_raw,effect_rank_biserial,p_holm
slice,PhysioNet,dice,CNN,ViT,40,0.017282583153792073,0.018675757569917552,6.288119038799778e-05,388.0,0.7749952346202917,-0.05365853658536585,1.0
slice,PhysioNet,dice,CNN,Hybrid,40,0.017282583153792073,0.030715236697142247,-0.00011381738295312971,266.0,0.05308265297571779,-0.35121951219512193,0.2705891084005998
slice,PhysioNet,dice,CNN,U-Net,40,0.017282583153792073,0.3315043666807469,-0.23772032442502677,38.0,1.2008968042209744e-08,-0.9073170731707317,1.080807123798877e-07
slice,PhysioNet,dice,CNN,Chance,40,0.017282583153792073,0.008044529022299685,-0.002082733204588294,388.0,0.7749952346202917,-0.05365853658536585,1.0
slice,PhysioNet,dice,ViT,Hybrid,40,0.018675757569917552,0.030715236697142247,-0.00021011102217016742,273.0,0.06616061626664305,-0.33414634146341465,0.2705891084005998
slice,PhysioNet,dice,ViT,U-Net,40,0.018675757569917552,0.3315043666807469,-0.22675541890203021,49.0,5.06388460053131e-08,-0.8804878048780488,4.051107680425048e-07
slice,PhysioNet,dice,ViT,Chance,40,0.018675757569917552,0.008044529022299685,0.00086937565356493,261.0,0.0450981847334333,0.36341463414634145,0.2705891084005998
slice,PhysioNet,dice,Hybrid,U-Net,40,0.030715236697142247,0.3315043666807469,-0.23702707240590826,56.0,1.1634983820840716e-07,-0.8634146341463415,8.144488674588501e-07
slice,PhysioNet,dice,Hybrid,Chance,40,0.030715236697142247,0.008044529022299685,-0.0008521502968505956,279.0,0.07932943338346377,0.3195121951219512,0.2705891084005998
slice,PhysioNet,dice,U-Net,Chance,40,0.3315043666807469,0.008044529022299685,0.23227305337786674,25.0,1.6443664208054543e-09,0.9390243902439024,1.6443664208054543e-08
slice,PhysioNet,iou,CNN,ViT,40,0.009197208145269541,0.00964151483644855,7.827256104064872e-05,391.0,0.8057269839482615,-0.046341463414634146,1.0
slice,PhysioNet,iou,CNN,Hybrid,40,0.009197208145269541,0.01641273217755952,-0.0001133615878643468,263.0,0.048164484947847086,-0.35853658536585364,0.26175816744580516
slice,PhysioNet,iou,CNN,U-Net,40,0.009197208145269541,0.24824433531030082,-0.1359707890660502,27.0,2.293745637871325e-09,-0.9341463414634147,2.0643710740841925e-08
slice,PhysioNet,iou,CNN,Chance,40,0.009197208145269541,0.004063593133469112,-0.0007753114914521575,405.0,0.9523059934635967,-0.012195121951219513,1.0
slice,PhysioNet,iou,ViT,Hybrid,40,0.00964151483644855,0.01641273217755952,-0.00021011102217016742,266.0,0.05308265297571779,-0.35121951219512193,0.26175816744580516
slice,PhysioNet,iou,ViT,U-Net,40,0.00964151483644855,0.24824433531030082,-0.12935502207255922,43.0,2.3623215383850038e-08,-0.8951219512195122,1.6536250768695027e-07
slice,PhysioNet,iou,ViT,Chance,40,0.00964151483644855,0.004063593133469112,0.00045762211084365845,260.0,0.043626361240967526,0.36585365853658536,0.26175816744580516
slice,PhysioNet,iou,Hybrid,U-Net,40,0.01641273217755952,0.24824433531030082,-0.1356157725385856,41.0,1.8109858501702547e-08,-0.9,1.4487886801362038e-07
slice,PhysioNet,iou,Hybrid,Chance,40,0.01641273217755952,0.004063593133469112,-0.0003190189236192964,276.0,0.07250633211879176,0.32682926829268294,0.26175816744580516
slice,PhysioNet,iou,U-Net,Chance,40,0.24824433531030082,0.004063593133469112,0.13405591109767556,7.0,3.456079866737127e-11,0.9829268292682927,3.4560798667371273e-10
slice,PhysioNet,recall,CNN,ViT,40,0.07539629226084799,0.404035001907323,-0.15102440770715475,77.0,0.00047050871265491134,-0.7083333333333334,0.0023525435632745567
slice,PhysioNet,recall,CNN,Hybrid,40,0.07539629226084799,0.13329061309341342,0.0,125.0,0.045484489171984846,-0.42528735632183906,0.13645346751595455
slice,PhysioNet,recall,CNN,U-Net,40,0.07539629226084799,0.28616408272646365,-0.11590485274791718,82.0,0.00038999365261257655,-0.7076648841354723,0.0023399619156754593
slice,PhysioNet,recall,CNN,Chance,40,0.07539629226084799,0.505337518453598,-0.47457762621343136,0.0,5.255295360476943e-08,-1.0,4.729765824429249e-07
slice,PhysioNet,recall,ViT,Hybrid,40,0.404035001907323,0.13329061309341342,0.1078123152256012,27.0,9.940081857188176e-05,0.8571428571428571,0.0007952065485750541
slice,PhysioNet,recall,ViT,U-Net,40,0.404035001907323,0.28616408272646365,0.0,173.0,0.1416319469128493,0.3024193548387097,0.1416319469128493
slice,PhysioNet,recall,ViT,Chance,40,0.404035001907323,0.505337518453598,-0.222537599503994,270.5,0.06078142312496288,-0.3402439024390244,0.13645346751595455
slice,PhysioNet,recall,Hybrid,U-Net,40,0.13329061309341342,0.28616408272646365,-0.1097889095544815,91.0,0.0012167827309775363,-0.6553030303030303,0.004867130923910145
slice,PhysioNet,recall,Hybrid,Chance,40,0.13329061309341342,0.505337518453598,-0.42143985256552696,11.0,1.000444171950221e-10,-0.973170731707317,1.000444171950221e-09
slice,PhysioNet,recall,U-Net,Chance,40,0.28616408272646365,0.505337518453598,-0.3591417893767357,135.0,0.0001079662160918815,-0.6707317073170732,0.0007952065485750541
slice,PhysioNet,precision,CNN,ViT,40,0.01019945938460296,0.009607639148453018,0.0,245.0,0.7223799448180457,-0.07196969696969698,1.0
slice,PhysioNet,precision,CNN,Hybrid,40,0.01019945938460296,0.01823117692692904,0.0,129.0,0.055664469392160826,-0.4068965517241379,0.27832234696080416
slice,PhysioNet,precision,CNN,U-Net,40,0.01019945938460296,0.541992937028408,-0.671862652990967,28.0,6.422312625112749e-06,-0.9001782531194296,5.1378501000901994e-05
slice,PhysioNet,precision,CNN,Chance,40,0.01019945938460296,0.0040595231082988905,-0.0013280407874844968,398.0,0.8785070700851065,-0.02926829268292683,1.0
slice,PhysioNet,precision,ViT,Hybrid,40,0.009607639148453018,0.01823117692692904,0.0,114.0,0.07156508609119941,-0.3968253968253968,0.28626034436479764
slice,PhysioNet,precision,ViT,U-Net,40,0.009607639148453018,0.541992937028408,-0.6642335313372314,15.0,4.968709301191073e-06,-0.9395161290322581,4.968709301191073e-05
slice,PhysioNet,precision,ViT,Chance,40,0.009607639148453018,0.0040595231082988905,0.0004708722117356956,261.0,0.0450981847334333,0.36341463414634145,0.2705891084005998
slice,PhysioNet,precision,Hybrid,U-Net,40,0.01823117692692904,0.541992937028408,-0.6532116355374455,21.0,5.521194140297318e-06,-0.9204545454545454,4.9690747262675864e-05
slice,PhysioNet,precision,Hybrid,Chance,40,0.01823117692692904,0.0040595231082988905,-0.0005350420833565295,280.0,0.08171383123044507,0.3170731707317073,0.28626034436479764
slice,PhysioNet,precision,U-Net,Chance,40,0.541992937028408,0.0040595231082988905,0.6809870572760701,105.0,1.221069942403119e-05,0.7439024390243902,8.547489596821833e-05
slice,PhysioNet,ap,CNN,ViT,40,0.01426988164166687,0.021108734562585597,0.0008382138039451092,370.0,0.599208943085614,0.0975609756097561,0.6047801846852963
slice,PhysioNet,ap,CNN,Hybrid,40,0.01426988164166687,0.02022956976434216,3.149139229208231e-05,316.0,0.21131373006210197,-0.22926829268292684,0.6047801846852963
slice,PhysioNet,ap,CNN,U-Net,40,0.01426988164166687,0.4476942568726372,-0.4423170229420066,8.0,4.547473508864641e-11,-0.9804878048780488,3.637978807091713e-10
slice,PhysioNet,ap,CNN,Chance,40,0.01426988164166687,0.004191056182025932,0.0037390177603811026,6.0,2.546585164964199e-11,0.9853658536585366,2.2919266484677792e-10
slice,PhysioNet,ap,ViT,Hybrid,40,0.021108734562585597,0.02022956976434216,-0.0002784229291137308,314.0,0.20159339489509875,-0.23414634146341465,0.6047801846852963
slice,PhysioNet,ap,ViT,U-Net,40,0.021108734562585597,0.4476942568726372,-0.45609435776714236,8.0,4.547473508864641e-11,-0.9804878048780488,3.637978807091713e-10
slice,PhysioNet,ap,ViT,Chance,40,0.021108734562585597,0.004191056182025932,0.0021387519664131105,92.0,4.153314876020886e-06,0.775609756097561,1.6613259504083544e-05
slice,PhysioNet,ap,Hybrid,U-Net,40,0.02022956976434216,0.4476942568726372,-0.43999938084743917,15.0,2.4920154828578234e-10,-0.9634146341463414,1.495209289714694e-09
slice,PhysioNet,ap,Hybrid,Chance,40,0.02022956976434216,0.004191056182025932,0.005031998618505895,34.0,6.775735528208315e-09,0.9170731707317074,3.387867764104158e-08
slice,PhysioNet,ap,U-Net,Chance,40,0.4476942568726372,0.004191056182025932,0.4592123166657984,0.0,1.8189894035458565e-12,1.0,1.8189894035458565e-11
slice,CQ500,dice,CNN,ViT,799,0.01740380432963317,0.05890290408791138,-0.011800004038377665,51500.0,7.506211098479589e-62,-0.6777221526908636,4.503726659087754e-61
slice,CQ500,dice,CNN,Hybrid,799,0.01740380432963317,0.05005852150323572,-0.00014615606050938368,62115.0,1.1718371992160504e-50,-0.6112953692115144,4.6873487968642015e-50
slice,CQ500,dice,CNN,U-Net,799,0.01740380432963317,0.3641094002940165,-0.25847033111494966,6590.0,6.940951848231396e-122,-0.9587609511889862,6.9409518482313966e-121
slice,CQ500,dice,CNN,Chance,799,0.01740380432963317,0.017592730788383235,-0.0044121080718468875,90772.0,3.7841632857612176e-26,-0.43196495619524405,1.1352489857283652e-25
slice,CQ500,dice,ViT,Hybrid,799,0.05890290408791138,0.05005852150323572,0.0001253730006283149,127300.0,6.352016601818262e-07,0.20337922403003755,1.2704033203636523e-06
slice,CQ500,dice,ViT,U-Net,799,0.05890290408791138,0.3641094002940165,-0.24788588285446167,44844.0,1.873703175535995e-69,-0.7193742177722152,1.3115922228751963e-68
slice,CQ500,dice,ViT,Chance,799,0.05890290408791138,0.017592730788383235,0.012157997116446495,60107.0,1.0944997385498665e-52,0.6238610763454318,5.4724986927493325e-52
slice,CQ500,dice,Hybrid,U-Net,799,0.05005852150323572,0.3641094002940165,-0.22708713641623035,28520.0,5.246363896362161e-90,-0.8215269086357947,4.197091117089729e-89
slice,CQ500,dice,Hybrid,Chance,799,0.05005852150323572,0.017592730788383235,-0.0010801565367728472,140742.0,0.0034959754322286193,0.11926157697121402,0.0034959754322286193
slice,CQ500,dice,U-Net,Chance,799,0.3641094002940165,0.017592730788383235,0.2535553756169975,26924.0,3.672453910677268e-92,0.8315143929912391,3.3052085196095414e-91
slice,CQ500,iou,CNN,ViT,799,0.009445609081691083,0.03239768920158692,-0.005885931997909211,52750.0,1.790599410321523e-60,-0.6698998748435544,1.0743596461929139e-59
slice,CQ500,iou,CNN,Hybrid,799,0.009445609081691083,0.028617932413817358,-0.00014252182154450566,61550.0,3.1762482735318095e-51,-0.6148310387984981,1.2704993094127238e-50
slice,CQ500,iou,CNN,U-Net,799,0.009445609081691083,0.28819759467053396,-0.15769069058296736,4947.0,1.8029542024127868e-124,-0.9690425531914894,1.8029542024127867e-123
slice,CQ500,iou,CNN,Chance,799,0.009445609081691083,0.008973980603075823,-0.00212037937308196,93155.0,1.7437767363042794e-24,-0.4170525657071339,5.231330208912838e-24
slice,CQ500,iou,ViT,Hybrid,799,0.03239768920158692,0.028617932413817358,5.2580784540623426e-05,130390.0,6.584561441646656e-06,0.18404255319148935,1.3169122883293312e-05
slice,CQ500,iou,ViT,U-Net,799,0.03239768920158692,0.28819759467053396,-0.14867199696891475,39740.0,1.37294714417309e-75,-0.751314142678348,9.61063000921163e-75
slice,CQ500,iou,ViT,Chance,799,0.03239768920158692,0.008973980603075823,0.00618419295642525,59189.0,1.25221440510697e-53,0.6296057571964956,6.26107202553485e-53
slice,CQ500,iou,Hybrid,U-Net,799,0.028617932413817358,0.28819759467053396,-0.1427365365307196,24036.0,3.9786480957682294e-96,-0.8495869837296621,3.1829184766145836e-95
slice,CQ500,iou,Hybrid,Chance,799,0.028617932413817358,0.008973980603075823,-0.0004297200794098899,138286.0,0.000978153985542143,0.134630788485607,0.000978153985542143
slice,CQ500,iou,U-Net,Chance,799,0.28819759467053396,0.008973980603075823,0.16426467522978783,21634.0,1.7264342865194911e-99,0.8646182728410513,1.5537908578675422e-98
slice,CQ500,recall,CNN,ViT,799,0.04962076386597091,0.49320566834408663,-0.38185253739356995,6824.0,3.958440427515399e-93,-0.9332550860719875,3.166752342012319e-92
slice,CQ500,recall,CNN,Hybrid,799,0.04962076386597091,0.180685302872649,0.0,15641.0,3.996197445061573e-43,-0.7267494169338143,1.9980987225307865e-42
slice,CQ500,recall,CNN,U-Net,799,0.04962076386597091,0.3475416603304961,-0.12547528743743896,5270.0,9.030793416591934e-77,-0.9262137281668942,5.4184760499551605e-76
slice,CQ500,recall,CNN,Chance,799,0.04962076386597091,0.4981789366250044,-0.4831223487854004,434.0,2.1896744888962302e-131,-0.9972704660018931,2.18967448889623e-130
slice,CQ500,recall,ViT,Hybrid,799,0.49320566834408663,0.180685302872649,0.18987339735031128,3090.0,6.330812515501742e-95,0.9667285795041589,5.697731263951568e-94
slice,CQ500,recall,ViT,U-Net,799,0.49320566834408663,0.3475416603304961,0.10526315867900848,87117.0,4.1533314949803744e-13,0.31357454654332856,8.306662989960749e-13
slice,CQ500,recall,ViT,Chance,799,0.49320566834408663,0.4981789366250044,-0.030222207307815552,156402.5,0.8279482413201065,-0.008903252380273435,0.8279482413201065
slice,CQ500,recall,Hybrid,U-Net,799,0.180685302872649,0.3475416603304961,0.0,50662.5,6.493302688767014e-23,-0.4598247129194255,1.9479908066301042e-22
slice,CQ500,recall,Hybrid,Chance,799,0.180685302872649,0.4981789366250044,-0.45945945382118225,27401.5,4.186833221898207e-91,-0.827665147813071,2.930783255328745e-90
slice,CQ500,recall,U-Net,Chance,799,0.3475416603304961,0.4981789366250044,-0.25,80745.5,2.2745808082609586e-33,-0.4921714575019733,9.098323233043834e-33
slice,CQ500,precision,CNN,ViT,799,0.011434077462202576,0.034043656749153925,-0.0057279490865767,29882.0,3.498355672491793e-54,-0.707726917057903,2.099013403495076e-53
slice,CQ500,precision,CNN,Hybrid,799,0.011434077462202576,0.03394238104338866,0.0,16581.0,1.0372850409535732e-41,-0.7127338877338877,4.1491401638142927e-41
slice,CQ500,precision,CNN,U-Net,799,0.011434077462202576,0.4685522904910977,-0.4535045986995101,1336.0,3.8925878203185516e-86,-0.9813642070023714,3.8925878203185515e-85
slice,CQ500,precision,CNN,Chance,799,0.011434077462202576,0.009113942960887451,-0.0021123785991221666,99313.0,4.2749666747858277e-20,-0.37539582959909185,1.2824900024357484e-19
slice,CQ500,precision,ViT,Hybrid,799,0.034043656749153925,0.03394238104338866,0.0,83079.0,0.002567381597888225,0.13966168041381238,0.002567381597888225
slice,CQ500,precision,ViT,U-Net,799,0.034043656749153925,0.4685522904910977,-0.448951035970822,26511.0,1.035345350462117e-74,-0.7911105157823408,8.282762803696936e-74
slice,CQ500,precision,ViT,Chance,799,0.034043656749153925,0.009113942960887451,0.006473066750913858,59060.0,1.520816492457837e-53,0.6294867331030957,7.604082462289185e-53
slice,CQ500,precision,Hybrid,U-Net,799,0.03394238104338866,0.4685522904910977,-0.44886151561513543,8410.0,8.736419589174325e-85,-0.9103306357888452,7.862777630256892e-84
slice,CQ500,precision,Hybrid,Chance,799,0.03394238104338866,0.009113942960887451,-0.0004900609492324293,132413.0,3.424205411598864e-05,0.16930624433423985,6.848410823197728e-05
slice,CQ500,precision,U-Net,Chance,799,0.4685522904910977,0.009113942960887451,0.45546613389160484,49226.0,5.805341119278493e-64,0.6904054364267004,4.063738783494945e-63
slice,CQ500,ap,CNN,ViT,799,0.026822120229382802,0.06638336504652165,-0.0033080531284213066,69702.0,2.3343383611064866e-43,-0.5638172715894869,4.668676722212973e-43
slice,CQ500,ap,CNN,Hybrid,799,0.026822120229382802,0.050615395205200676,-0.0021071704104542732,58725.0,4.1545671898704464e-54,-0.6325093867334167,1.246370156961134e-53
slice,CQ500,ap,CNN,U-Net,799,0.026822120229382802,0.4525162413863584,-0.4872577413916588,20977.0,2.0285410905096867e-100,-0.8687296620775969,1.217124654305812e-99
slice,CQ500,ap,CNN,Chance,799,0.026822120229382802,0.009282590383115937,0.00620105117559433,5506.0,1.3763047065780437e-123,0.9655444305381727,1.101043765262435e-122
slice,CQ500,ap,ViT,Hybrid,799,0.06638336504652165,0.050615395205200676,0.0006073275581002235,111412.0,1.2178908171770468e-13,0.3028035043804756,1.2178908171770468e-13
slice,CQ500,ap,ViT,U-Net,799,0.06638336504652165,0.4525162413863584,-0.4350893683731556,36263.0,6.405991618672371e-80,-0.773072590738423,2.5623966474689484e-79
slice,CQ500,ap,ViT,Chance,799,0.06638336504652165,0.009282590383115937,0.01071317307651043,4308.0,1.749961271587109e-125,0.9730413016270338,1.574965144428398e-124
slice,CQ500,ap,Hybrid,U-Net,799,0.050615395205200676,0.4525162413863584,-0.42871791776269674,26285.0,4.9535971119452344e-93,-0.8355131414267835,2.4767985559726173e-92
slice,CQ500,ap,Hybrid,Chance,799,0.050615395205200676,0.009282590383115937,0.011356017086654902,4086.0,7.764910266143788e-126,0.9744305381727159,7.764910266143788e-125
slice,CQ500,ap,U-Net,Chance,799,0.4525162413863584,0.009282590383115937,0.4932094666582998,15535.0,2.7245756949590683e-108,0.9027847309136421,1.9072029864713478e-107
patient,PhysioNet,dice,CNN,ViT,6,0.0162930185420729,0.019179257019493013,-0.004928489103234585,6.0,0.4375,-0.42857142857142855,0.9375
patient,PhysioNet,dice,CNN,Hybrid,6,0.0162930185420729,0.0307484171624904,-0.006003961077011707,0.0,0.03125,-1.0,0.3125
patient,PhysioNet,dice,CNN,U-Net,6,0.0162930185420729,0.30357967530169855,-0.16036067155889186,0.0,0.03125,-1.0,0.3125
patient,PhysioNet,dice,CNN,Chance,6,0.0162930185420729,0.0070224187902965885,-0.001217315119654152,10.0,1.0,0.047619047619047616,1.0
patient,PhysioNet,dice,ViT,Hybrid,6,0.019179257019493013,0.0307484171624904,-0.001162949854915496,5.0,0.3125,-0.5238095238095238,0.9375
patient,PhysioNet,dice,ViT,U-Net,6,0.019179257019493013,0.30357967530169855,-0.15543218245565726,0.0,0.03125,-1.0,0.3125
patient,PhysioNet,dice,ViT,Chance,6,0.019179257019493013,0.0070224187902965885,0.0067702610945667,1.0,0.0625,0.9047619047619048,0.3125
patient,PhysioNet,dice,Hybrid,U-Net,6,0.0307484171624904,0.30357967530169855,-0.15682203312139284,0.0,0.03125,-1.0,0.3125
patient,PhysioNet,dice,Hybrid,Chance,6,0.0307484171624904,0.0070224187902965885,0.01763428601488057,3.0,0.15625,0.7142857142857143,0.625
patient,PhysioNet,dice,U-Net,Chance,6,0.30357967530169855,0.0070224187902965885,0.1587262148316244,0.0,0.03125,1.0,0.3125
patient,PhysioNet,iou,CNN,ViT,6,0.008664637280646263,0.009897975802961216,-0.0025055869832383425,7.0,0.5625,-0.3333333333333333,1.0
patient,PhysioNet,iou,CNN,Hybrid,6,0.008664637280646263,0.01646529316649903,-0.003071558224393003,0.0,0.03125,-1.0,0.3125
patient,PhysioNet,iou,CNN,U-Net,6,0.008664637280646263,0.23126160857173214,-0.1045992043250178,0.0,0.03125,-1.0,0.3125
patient,PhysioNet,iou,CNN,Chance,6,0.008664637280646263,0.003546941859962384,-0.0005028167235485107,10.0,1.0,0.047619047619047616,1.0
patient,PhysioNet,iou,ViT,Hybrid,6,0.009897975802961216,0.01646529316649903,-0.0009645626414567232,5.0,0.3125,-0.5238095238095238,0.9375
patient,PhysioNet,iou,ViT,U-Net,6,0.009897975802961216,0.23126160857173214,-0.10209361734177946,0.0,0.03125,-1.0,0.3125
patient,PhysioNet,iou,ViT,Chance,6,0.009897975802961216,0.003546941859962384,0.0035210473612702726,1.0,0.0625,0.9047619047619048,0.3125
patient,PhysioNet,iou,Hybrid,U-Net,6,0.01646529316649903,0.23126160857173214,-0.1027546647436049,0.0,0.03125,-1.0,0.3125
patient,PhysioNet,iou,Hybrid,Chance,6,0.01646529316649903,0.003546941859962384,0.009555871426224863,2.0,0.09375,0.8095238095238095,0.375
patient,PhysioNet,iou,U-Net,Chance,6,0.23126160857173214,0.003546941859962384,0.10391874774800133,0.0,0.03125,1.0,0.3125
patient,PhysioNet,recall,CNN,ViT,6,0.07208064249900925,0.40767389772232915,-0.2939373775605216,0.0,0.0625,-1.0,0.5
patient,PhysioNet,recall,CNN,Hybrid,6,0.07208064249900925,0.13012965156023332,-0.018406745563778616,3.0,0.3125,-0.6,1.0
patient,PhysioNet,recall,CNN,U-Net,6,0.07208064249900925,0.2628929310631923,-0.047402344587625884,3.0,0.3125,-0.6,1.0
patient,PhysioNet,recall,CNN,Chance,6,0.07208064249900925,0.49660753234844623,-0.4451429186802771,0.0,0.03125,-1.0,0.3125
patient,PhysioNet,recall,ViT,Hybrid,6,0.40767389772232915,0.13012965156023332,0.23215197555772546,0.0,0.0625,1.0,0.5
patient,PhysioNet,recall,ViT,U-Net,6,0.40767389772232915,0.2628929310631923,0.13176183225004934,3.0,0.3125,0.6,1.0
patient,PhysioNet,recall,ViT,Chance,6,0.40767389772232915,0.49660753234844623,-0.1151217317286258,7.0,0.5625,-0.3333333333333333,1.0
patient,PhysioNet,recall,Hybrid,U-Net,6,0.13012965156023332,0.2628929310631923,-0.03735516122730467,3.0,0.3125,-0.6,1.0
patient,PhysioNet,recall,Hybrid,Chance,6,0.13012965156023332,0.49660753234844623,-0.3874914627069504,0.0,0.03125,-1.0,0.3125
patient,PhysioNet,recall,U-Net,Chance,6,0.2628929310631923,0.49660753234844623,-0.40579366079070656,3.0,0.15625,-0.7142857142857143,0.9375
patient,PhysioNet,precision,CNN,ViT,6,0.00949736215124626,0.00986145271430488,-0.0018521712111330335,5.0,0.625,-0.3333333333333333,1.0
patient,PhysioNet,precision,CNN,Hybrid,6,0.00949736215124626,0.01825129089789845,-0.003025029259333678,0.0,0.0625,-1.0,0.625
patient,PhysioNet,precision,CNN,U-Net,6,0.00949736215124626,0.45741467981878353,-0.47675444995797756,0.0,0.0625,-1.0,0.625
patient,PhysioNet,precision,CNN,Chance,6,0.00949736215124626,0.003537102913573543,-0.0001888805378588254,9.0,0.84375,0.14285714285714285,1.0
patient,PhysioNet,precision,ViT,Hybrid,6,0.00986145271430488,0.01825129089789845,-0.001919217156682862,3.0,0.3125,-0.6,0.9375
patient,PhysioNet,precision,ViT,U-Net,6,0.00986145271430488,0.45741467981878353,-0.47459993278681223,0.0,0.0625,-1.0,0.625
patient,PhysioNet,precision,ViT,Chance,6,0.00986145271430488,0.003537102913573543,0.003556905677315727,1.0,0.0625,0.9047619047619048,0.625
patient,PhysioNet,precision,Hybrid,U-Net,6,0.01825129089789845,0.45741467981878353,-0.47477066857640915,0.0,0.0625,-1.0,0.625
patient,PhysioNet,precision,Hybrid,Chance,6,0.01825129089789845,0.003537102913573543,0.010549376711828195,1.0,0.0625,0.9047619047619048,0.625
patient,PhysioNet,precision,U-Net,Chance,6,0.45741467981878353,0.003537102913573543,0.47635259101257865,1.0,0.0625,0.9047619047619048,0.625
patient,PhysioNet,pg,CNN,ViT,6,0.0,0.04292929292929293,0.0,0.0,0.5,-1.0,1.0
patient,PhysioNet,pg,CNN,Hybrid,6,0.0,0.0,0.0,0.0,1.0,0.0,1.0
patient,PhysioNet,pg,CNN,U-Net,6,0.0,0.586489898989899,-0.696969696969697,0.0,0.0625,-1.0,0.625
patient,PhysioNet,pg,CNN,Chance,6,0.0,0.0,0.0,0.0,1.0,0.0,1.0
patient,PhysioNet,pg,ViT,Hybrid,6,0.04292929292929293,0.0,0.0,0.0,0.5,1.0,1.0
patient,PhysioNet,pg,ViT,U-Net,6,0.04292929292929293,0.586489898989899,-0.6515151515151515,0.0,0.0625,-1.0,0.625
patient,PhysioNet,pg,ViT,Chance,6,0.04292929292929293,0.0,0.0,0.0,0.5,1.0,1.0
patient,PhysioNet,pg,Hybrid,U-Net,6,0.0,0.586489898989899,-0.696969696969697,0.0,0.0625,-1.0,0.625
patient,PhysioNet,pg,Hybrid,Chance,6,0.0,0.0,0.0,0.0,1.0,0.0,1.0
patient,PhysioNet,pg,U-Net,Chance,6,0.586489898989899,0.0,0.696969696969697,0.0,0.0625,1.0,0.625
patient,PhysioNet,ap,CNN,ViT,6,0.013165021427271667,0.02145828884932301,-0.0008110057517317021,7.0,0.5625,-0.3333333333333333,1.0
patient,PhysioNet,ap,CNN,Hybrid,6,0.013165021427271667,0.020173739679411534,-0.0019020341928211045,5.0,0.3125,-0.5238095238095238,0.9375
patient,PhysioNet,ap,CNN,U-Net,6,0.013165021427271667,0.38892734132653023,-0.331623878884141,0.0,0.03125,-1.0,0.3125
patient,PhysioNet,ap,CNN,Chance,6,0.013165021427271667,0.003659071162957831,0.006041756833755327,0.0,0.03125,1.0,0.3125
patient,PhysioNet,ap,ViT,Hybrid,6,0.02145828884932301,0.020173739679411534,-0.0007277190112896883,10.0,1.0,-0.047619047619047616,1.0
patient,PhysioNet,ap,ViT,U-Net,6,0.02145828884932301,0.38892734132653023,-0.32959473013114704,0.0,0.03125,-1.0,0.3125
patient,PhysioNet,ap,ViT,Chance,6,0.02145828884932301,0.003659071162957831,0.007530400599617596,0.0,0.03125,1.0,0.3125
patient,PhysioNet,ap,Hybrid,U-Net,6,0.020173739679411534,0.38892734132653023,-0.3297218446913199,0.0,0.03125,-1.0,0.3125
patient,PhysioNet,ap,Hybrid,Chance,6,0.020173739679411534,0.003659071162957831,0.01551965274980334,1.0,0.0625,0.9047619047619048,0.3125
patient,PhysioNet,ap,U-Net,Chance,6,0.38892734132653023,0.003659071162957831,0.33543303205380026,0.0,0.03125,1.0,0.3125
patient,CQ500,dice,CNN,ViT,11,0.014870130042497326,0.048369556049900696,-0.022309343599111096,0.0,0.0009765625,-1.0,0.009765625
patient,CQ500,dice,CNN,Hybrid,11,0.014870130042497326,0.04205881831754749,-0.01757800049611098,2.0,0.0029296875,-0.9393939393939394,0.0205078125
patient,CQ500,dice,CNN,U-Net,11,0.014870130042497326,0.36166206528981176,-0.461794748678623,0.0,0.0009765625,-1.0,0.009765625
patient,CQ500,dice,CNN,Chance,11,0.014870130042497326,0.013868176878840743,-0.0037617333914062735,23.0,0.4130859375,-0.30303030303030304,0.556640625
patient,CQ500,dice,ViT,Hybrid,11,0.048369556049900696,0.04205881831754749,0.005481931249758215,20.0,0.2783203125,0.3939393939393939,0.556640625
patient,CQ500,dice,ViT,U-Net,11,0.048369556049900696,0.36166206528981176,-0.4538357842507139,3.0,0.0048828125,-0.9090909090909091,0.0205078125
patient,CQ500,dice,ViT,Chance,11,0.048369556049900696,0.013868176878840743,0.01769071487625214,0.0,0.0009765625,1.0,0.009765625
patient,CQ500,dice,Hybrid,U-Net,11,0.04205881831754749,0.36166206528981176,-0.42975101679001293,2.0,0.0029296875,-0.9393939393939394,0.0205078125
patient,CQ500,dice,Hybrid,Chance,11,0.04205881831754749,0.013868176878840743,0.00756703987172121,13.0,0.0830078125,0.6060606060606061,0.2490234375
patient,CQ500,dice,U-Net,Chance,11,0.36166206528981176,0.013868176878840743,0.4613318585331948,2.0,0.0029296875,0.9393939393939394,0.0205078125
patient,CQ500,iou,CNN,ViT,11,0.008094172007716368,0.026441269580873172,-0.01127190231424968,0.0,0.0009765625,-1.0,0.009765625
patient,CQ500,iou,CNN,Hybrid,11,0.008094172007716368,0.02376104630798671,-0.00926726244276659,3.0,0.0048828125,-0.9090909090909091,0.0244140625
patient,CQ500,iou,CNN,U-Net,11,0.008094172007716368,0.2893750726174396,-0.34980547462498635,0.0,0.0009765625,-1.0,0.009765625
patient,CQ500,iou,CNN,Chance,11,0.008094172007716368,0.00705630433612671,-0.0017464832361881795,25.0,0.51953125,-0.24242424242424243,0.51953125
patient,CQ500,iou,ViT,Hybrid,11,0.026441269580873172,0.02376104630798671,0.002705453611876389,19.0,0.240234375,0.42424242424242425,0.48046875
patient,CQ500,iou,ViT,U-Net,11,0.026441269580873172,0.2893750726174396,-0.3455165577336932,3.0,0.0048828125,-0.9090909090909091,0.0244140625
patient,CQ500,iou,ViT,Chance,11,0.026441269580873172,0.00705630433612671,0.009039607065047181,0.0,0.0009765625,1.0,0.009765625
patient,CQ500,iou,Hybrid,U-Net,11,0.02376104630798671,0.2893750726174396,-0.3455711480881215,1.0,0.001953125,-0.9696969696969697,0.013671875
patient,CQ500,iou,Hybrid,Chance,11,0.02376104630798671,0.00705630433612671,0.0041743689392603756,11.0,0.0537109375,0.6666666666666666,0.1611328125
patient,CQ500,iou,U-Net,Chance,11,0.2893750726174396,0.00705630433612671,0.3497455170273819,1.0,0.001953125,0.9696969696969697,0.013671875
patient,CQ500,recall,CNN,ViT,11,0.03947126371484833,0.494149766253433,-0.4575399992851696,0.0,0.0009765625,-1.0,0.009765625
patient,CQ500,recall,CNN,Hybrid,11,0.03947126371484833,0.161270449976007,-0.07677086817231413,2.0,0.0029296875,-0.9393939393939394,0.017578125
patient,CQ500,recall,CNN,U-Net,11,0.03947126371484833,0.3234055355529711,-0.36566063560917256,2.0,0.005859375,-0.9272727272727272,0.029296875
patient,CQ500,recall,CNN,Chance,11,0.03947126371484833,0.49906415774356266,-0.4866561169425646,0.0,0.0009765625,-1.0,0.009765625
patient,CQ500,recall,ViT,Hybrid,11,0.494149766253433,0.161270449976007,0.2917155000190674,0.0,0.0009765625,1.0,0.009765625
patient,CQ500,recall,ViT,U-Net,11,0.494149766253433,0.3234055355529711,-0.0031507095545819652,26.0,0.5771484375,0.21212121212121213,1.0
patient,CQ500,recall,ViT,Chance,11,0.494149766253433,0.49906415774356266,0.00261606909551243,31.0,0.8984375,0.06060606060606061,1.0
patient,CQ500,recall,Hybrid,U-Net,11,0.161270449976007,0.3234055355529711,-0.17855944822347447,16.0,0.1474609375,-0.5151515151515151,0.58984375
patient,CQ500,recall,Hybrid,Chance,11,0.161270449976007,0.49906415774356266,-0.3947852877222679,1.0,0.001953125,-0.9696969696969697,0.013671875
patient,CQ500,recall,U-Net,Chance,11,0.3234055355529711,0.49906415774356266,-0.04049142822623253,18.0,0.2060546875,-0.45454545454545453,0.6181640625
patient,CQ500,precision,CNN,ViT,11,0.009876745201888228,0.027604194756290546,-0.011369055141271515,0.0,0.0009765625,-1.0,0.009765625
patient,CQ500,precision,CNN,Hybrid,11,0.009876745201888228,0.02771419989244089,-0.009572323120664805,2.0,0.0029296875,-0.9393939393939394,0.015625
patient,CQ500,precision,CNN,U-Net,11,0.009876745201888228,0.5003895233764425,-0.5627264491631649,0.0,0.001953125,-1.0,0.015625
patient,CQ500,precision,CNN,Chance,11,0.009876745201888228,0.007137882412070373,-0.0019784521455654784,30.0,0.8310546875,-0.09090909090909091,1.0
patient,CQ500,precision,ViT,Hybrid,11,0.027604194756290546,0.02771419989244089,0.002845520862643348,33.0,1.0,0.0,1.0
patient,CQ500,precision,ViT,U-Net,11,0.027604194756290546,0.5003895233764425,-0.5461019134749414,1.0,0.001953125,-0.9696969696969697,0.015625
patient,CQ500,precision,ViT,Chance,11,0.027604194756290546,0.007137882412070373,0.008996925212440228,0.0,0.0009765625,1.0,0.009765625
patient,CQ500,precision,Hybrid,U-Net,11,0.02771419989244089,0.5003895233764425,-0.5531541260425001,1.0,0.001953125,-0.9696969696969697,0.015625
patient,CQ500,precision,Hybrid,Chance,11,0.02771419989244089,0.007137882412070373,0.0059029454201472145,10.0,0.0419921875,0.696969696969697,0.1259765625
patient,CQ500,precision,U-Net,Chance,11,0.5003895233764425,0.007137882412070373,0.5590570714626474,1.0,0.001953125,0.9696969696969697,0.015625
patient,CQ500,pg,CNN,ViT,11,0.017498667022127434,0.0823739293978841,-0.047619047619047616,2.0,0.0234375,-0.8888888888888888,0.09765625
patient,CQ500,pg,CNN,Hybrid,11,0.017498667022127434,0.02626209238259978,0.0,3.0,0.625,-0.4,1.0
patient,CQ500,pg,CNN,U-Net,11,0.017498667022127434,0.5918715402665575,-0.6666666666666666,0.0,0.001953125,-1.0,0.01953125
patient,CQ500,pg,CNN,Chance,11,0.017498667022127434,0.015075204574663421,0.0,5.0,0.625,0.3333333333333333,1.0
patient,CQ500,pg,ViT,Hybrid,11,0.0823739293978841,0.02626209238259978,0.047619047619047616,1.0,0.015625,0.9444444444444444,0.09375
patient,CQ500,pg,ViT,U-Net,11,0.0823739293978841,0.5918715402665575,-0.5873015873015873,3.0,0.0048828125,-0.9090909090909091,0.0341796875
patient,CQ500,pg,ViT,Chance,11,0.0823739293978841,0.015075204574663421,0.047619047619047616,3.0,0.01953125,0.8666666666666667,0.09765625
patient,CQ500,pg,Hybrid,U-Net,11,0.02626209238259978,0.5918715402665575,-0.65625,0.0,0.001953125,-1.0,0.01953125
patient,CQ500,pg,Hybrid,Chance,11,0.02626209238259978,0.015075204574663421,0.0,7.0,0.5625,0.3333333333333333,1.0
patient,CQ500,pg,U-Net,Chance,11,0.5918715402665575,0.015075204574663421,0.6875,0.0,0.001953125,1.0,0.01953125
patient,CQ500,ap,CNN,ViT,11,0.021341510906093302,0.05379659579336568,-0.022784627455191435,0.0,0.0009765625,-1.0,0.009765625
patient,CQ500,ap,CNN,Hybrid,11,0.021341510906093302,0.038955176371379865,-0.012771067334445736,0.0,0.0009765625,-1.0,0.009765625
patient,CQ500,ap,CNN,U-Net,11,0.021341510906093302,0.44805488445643127,-0.5411742978659125,0.0,0.0009765625,-1.0,0.009765625
patient,CQ500,ap,CNN,Chance,11,0.021341510906093302,0.007332168384482673,0.005231662960828875,0.0,0.0009765625,1.0,0.009765625
patient,CQ500,ap,ViT,Hybrid,11,0.05379659579336568,0.038955176371379865,0.00651151093257968,7.0,0.0185546875,0.7878787878787878,0.0185546875
patient,CQ500,ap,ViT,U-Net,11,0.05379659579336568,0.44805488445643127,-0.5380331355281669,3.0,0.0048828125,-0.9090909090909091,0.0146484375
patient,CQ500,ap,ViT,Chance,11,0.05379659579336568,0.007332168384482673,0.034552224477872526,0.0,0.0009765625,1.0,0.009765625
patient,CQ500,ap,Hybrid,U-Net,11,0.038955176371379865,0.44805488445643127,-0.5284032305314668,3.0,0.0048828125,-0.9090909090909091,0.0146484375
patient,CQ500,ap,Hybrid,Chance,11,0.038955176371379865,0.007332168384482673,0.024405757200226863,0.0,0.0009765625,1.0,0.009765625
patient,CQ500,ap,U-Net,Chance,11,0.44805488445643127,0.007332168384482673,0.5540785629376236,0.0,0.0009765625,1.0,0.009765625
